step_id,phase,title,objective,why_it_exists,prerequisites,frontend_build,backend_build,database_build,ordered_procedure,security_controls,performance_budget,testing_required,success_looks_like,deliverables
S00,Phase 0 — Decision and hosting lock,"Freeze product, policy and company configuration","Turn the PRD into approved company-specific dictionaries, owners, policies and a traceable implementation baseline.","Code cannot correctly infer the company timezone, products, roles, consent purposes, stages, SLA, retention or recovery authority. Building before these decisions creates hidden rework and unsafe defaults.","Approved PRD; named sponsor, product, technical, security/privacy and process owners.","Build no customer UI yet. Produce information architecture diagrams, role journey maps, screen inventory, content vocabulary, status labels and accessibility content rules. Prototype only to validate flow, not to ship.","Create ADR template, requirement registry, threat-model template, data dictionary, domain glossary, capability catalogue, state-machine catalogue, event catalogue, API style guide and change-control process.","Define canonical identifiers, timezone/currency semantics, record classes, retention classes and preliminary table/storage budgets. No production migrations yet.",1) Name owners. 2) Complete Section 19.4 decisions. 3) Walk every lifecycle. 4) Define normal/exception/failure paths. 5) Approve status/reason codes. 6) Map every PRD ID to planned component/test. 7) Sign build-freeze record.,"Complete threat model, data classification, privacy purpose map, privilege conflicts and accepted boundary risks before implementation.","Estimate record volumes, file growth, mail volume, concurrency and database size. Reject requirements that exceed the shared-host envelope unless architecture change is approved.",Review workshops; requirement completeness audit; state-transition walkthrough; role authorization matrix; threat-model review.,"Every mandatory requirement has an owner, module, acceptance method and no unresolved ambiguous policy. Process owners can explain exactly who acts, when, with what evidence and what stops automation.",Signed configuration decision register; ADR set; threat model v1; capability matrix; state/event dictionaries; screen/API inventories; traceability matrix.
S01,Phase 0 — Decision and hosting lock,Execute the actual Truehost Starter preflight,Prove the account can run the selected production architecture and record exact versions/limits/paths.,"Marketing pages are not the runtime contract. Python, Passenger, database engine, Cron, mail, backup and access methods must be verified in the real account.",Truehost Starter credentials and cPanel access; preflight checklist.,"No production frontend. Create a temporary non-public diagnostic page only if needed, then remove it.","Deploy a minimal Django probe through Setup Python App, verify Passenger startup/restart, environment settings, database transaction/Unicode, private paths, cron, SMTP/IMAP, logs and backup interface.","Create disposable preflight database/user with utf8mb4; measure engine/version, transaction isolation, foreign keys, select-for-update and size reporting. Delete after evidence.",1) Record cPanel features. 2) Create Python app. 3) Install pinned probe dependencies. 4) Test WSGI. 5) Test DB driver candidates. 6) Run cron overlap test. 7) Send/receive only test mailboxes. 8) verify SSL/DNS/logs/backup. 9) Record resource baselines. 10) sign compatibility matrix.,Never expose diagnostics publicly; do not place secrets in commands/logs; use test mailboxes; remove probe tokens/data.,"Record cold/warm request latency, process memory, connection behavior, cron runtime and database migration temporary space.",Passenger restart; HTTPS/host; DB transaction/locking; SMTP/IMAP dedupe; cron lease; private file denial; backup readability.,The actual account passes all mandatory capabilities. Exact Python/Django/driver/DB/Cron/mail paths are frozen. Any missing mandatory capability triggers an approved architecture decision rather than a workaround hidden in code.,Signed Truehost preflight report; compatibility matrix; selected Python/driver; directory paths; Cron/mail settings; capacity baseline.
S02,Phase 1 — Platform foundation,"Create repository, dependency lock and delivery controls",Establish a reproducible codebase and review process before domain work.,"A production system is not dependable when dependencies, migrations, releases or ownership cannot be reconstructed.",S00 decisions; S01 compatibility matrix.,"Create `templates`, `static_src`, `static_build`, locale folders, design-token source and browser-test harness. Add a plain base page proving local assets and no CDN dependency.","Create Django project/settings split, domain app shells, common packages, typing/lint/test configuration, requirements input/lock, release manifest generator, architecture tests and secure contribution workflow.",Create no business tables beyond a migration metadata probe. Define migration naming/review policy and test database creation.,1) Initialize version control. 2) Add protected main/release branches. 3) Create app boundaries. 4) Pin dependencies with hashes. 5) Add SBOM/license/vulnerability tasks. 6) Configure unit/integration/browser/security test commands. 7) Add CI-equivalent local release script. 8) document review/merge/release rules.,"Secret scan, dependency review, signed/reviewed commits where practical, least access to repository, no production credentials in fixtures.",Dependency installation must fit account without compilation; test suite startup should remain fast; static bundle target established.,Clean environment rebuild; locked hash install; architecture import rules; secret scan; dependency vulnerability review.,"A new engineer can clone, install, run MySQL/MariaDB tests and build assets exactly from documented commands. A release manifest identifies commit, dependencies and migrations.",Repository skeleton; requirements lock; SBOM; engineering standards; review checklist; release script; local environment guide.
S03,Phase 1 — Platform foundation,"Build environment configuration, observability and health foundation","Make every request and scheduled command diagnosable, environment-safe and release-identifiable.",Failures on shared hosting must be understood without root access or an external monitoring service.,S02 repository; exact cPanel paths and environment support.,"Build base layout, branded error pages, maintenance page, correlation-ID display for errors, build badge visible only to admins and progressive enhancement hooks.","Implement production/staging settings validation, `DEBUG=False` refusal, exact hosts/origins, correlation middleware, typed errors, structured redacted logs, command-run records, freshness-based health evidence, build/config compatibility and maintenance flag.","Create releases, system_metrics, command_runs, system_incidents/incident_events and feature_flags foundations with indexes by state/time/severity.",1) Define environment schema. 2) Implement startup checks. 3) Add request correlation. 4) Add structured logging/redaction. 5) Add Problem Details mapping. 6) Create minimal public-safe and privileged health endpoints. 7) Add branded 400/403/404/409/412/422/429/500/503 pages. 8) prove logs rotate.,"Detailed health is privileged; public errors disclose no stack/path/version; log filters redact passwords, tokens, secrets, message bodies and unnecessary PII.",Middleware overhead target <20 ms p95; public error response <700 ms; health endpoint ≤15 SQL queries and <1 second p95.,"Settings refusal, host-header, HTTPS proxy assumptions, log redaction corpus, correlation propagation, stale-evidence state, error content review.",Every request/command has one correlation ID and release ID; support can trace failures without secrets; stale dependencies become warning/critical; production never exposes debug details.,Settings schema; environment example; logging policy; health model/endpoints; error templates; maintenance framework; operations dashboard shell.
S04,Phase 1 — Platform foundation,"Implement the private API contract, concurrency and idempotency",Create one consistent HTTP contract shared by all later modules.,"Without a fixed contract, different modules drift in errors, pagination, authorization, retries and concurrent-update behavior.",S03 request context/error framework.,"Build reusable form/HTMX response conventions: full-page vs fragment negotiation, progressive fallback, optimistic-conflict component, async job status component and toast/live-region policy.","Implement `/api/v1` response envelopes, RFC 9457 errors, keyset pagination, allowlisted filters/sorts/includes/fields, CSRF/session auth, media-type validation, ETag generation, If-Match enforcement, idempotency reservation/replay and request/payload limits.",Create reusable idempotency storage or integrate uniqueness into effect tables; add row-version/public-ID fields and query-budget instrumentation. Do not create generic database-driven API definitions.,1) Freeze naming/status/header rules. 2) Implement response factories. 3) Implement cursor signing. 4) Implement schema validation. 5) implement optimistic lock. 6) implement idempotency request hash/result replay. 7) add rate-limit response with Retry-After. 8) generate OpenAPI. 9) contract-test every pattern.,"No CORS, bearer tokens, public keys, GraphQL, raw query language, arbitrary includes or mass assignment. Authorization occurs before counting/pagination.",Envelope overhead small; simple read p95 ≤1.2s; mutation acknowledgement p95 ≤1.8s; list query ≤18 SQL; max page size 100.,"Contract tests for 200/201/202/204, every Problem status, stale edit, replay same/different body, cursor tamper, excessive page/filter/include, CSRF and content type.","All later endpoints inherit identical headers, errors and limits. Duplicate command replay returns the original logical result; stale updates never silently overwrite; unauthorized counts stay hidden.",API style guide; middleware/decorators; pagination/idempotency/locking libraries; common schemas; OpenAPI generation; contract test suite.
S05,Phase 1 — Platform foundation,"Build the frontend design system, application shell and interaction rules","Create a fast, accessible, reusable server-rendered UI foundation for every staff and portal workflow.","A large CRM becomes inconsistent and error-prone if each screen invents forms, tables, status, validation and responsive behavior.",S03 errors/maintenance; S04 HTTP conventions; approved information architecture.,"Implement design tokens, typography, spacing, focus, contrast, buttons, links, fields, error summaries, tables/cards, badges, tabs, breadcrumbs, dialogs, drawers, pagination, filters, saved-view controls, timeline, activity composer, file component, skeletons, empty states, 412 conflict UI, async job status and responsive shell. Bundle HTMX locally; every enhanced flow has normal HTTP fallback.","Create view mixins/context processors for navigation permissions, active module, breadcrumbs, correlation, feature flags, messages and fragment rendering. Centralize form field policy and template component APIs.",No domain tables. Optionally persist staff UI preferences in a small governed profile table or user settings JSON with strict schema.,1) Define tokens/content rules. 2) Build semantic base shell. 3) Build components in isolation. 4) add keyboard/focus behaviors. 5) add responsive 360px variants. 6) add HTMX loading/error/conflict handling. 7) add local asset fingerprint/build. 8) create visual/accessibility regression checklist.,CSP-compatible local assets; no unsafe inline script; auto-escaping; sanitized rich text only through reviewed component; destructive actions require impact/reason.,Normal compressed page ≤1.5 MB; CSS/JS initial bundle target ≤250 KB compressed; shell server render ≤900 ms; no layout-shifting external fonts.,"Keyboard-only, focus not obscured, 200% zoom, 360px reflow, screen-reader landmarks/forms/status, no-color-only meaning, JS-disabled core flow, CSP test.","Every later screen can be assembled from reviewed components, behaves consistently on errors/conflicts/mobile, and completes critical operations without a SPA or mouse-only action.",Design system documentation; component templates; local asset pipeline; shell/navigation; accessibility checklist; frontend test helpers.
S06,Phase 1 — Platform foundation,"Implement database conventions, constraints and migration safety",Create the relational foundation that protects data even when application code fails.,"Production reliability depends on database uniqueness, foreign keys, append-only history and safe migrations—not only Python validation.",S01 database/driver evidence; S02 repository; data model approval.,No user feature beyond admin compatibility page. Add developer-only schema documentation generated from models/migrations.,"Implement abstract current-state model, immutable event model, public ULID generation, UTC timestamps, row version, actor references, soft deletion, money/currency types, schema-validated JSON helper, check/unique constraints, transaction helper and migration lock.",Create foundational account/governance/operations tables in dependency order. Use InnoDB/utf8mb4; explicit index names; no BLOBs; no cascade that destroys audit/history.,1) Confirm engine/strict mode/collation. 2) implement base fields/managers. 3) define deletion semantics. 4) create initial migrations. 5) test constraints against concurrent writes. 6) establish expand-migrate-contract process. 7) measure migration space/time on copy-sized data. 8) document rollback/forward repair.,Least-privileged DB user; parameterized ORM; raw SQL isolated/reviewed; sensitive migrations require backup and maintenance plan.,Standard point lookup uses public ID unique index; no migration approaches provider ceiling; locks remain short; schema-heavy deployment blocked at safe measured threshold.,"MySQL/MariaDB integration, Unicode/Decimal/timezone, FK/check/unique, concurrent insert/update, migration forward/back/repair, table-size projection.",The database rejects duplicate identities/idempotency keys and invalid state even under race conditions. A migration rehearsal predicts time/space and has an approved recovery path.,Base models; initial migrations; DB compatibility tests; migration runbook; schema/index conventions; size measurement command.
S07,Phase 1 — Platform foundation,"Build invitation-only identity, login and account recovery",Create accountable staff/portal identities without public registration.,"Every later action requires stable actor identity, secure authentication and revocable access.",S04 API; S05 forms; S06 account tables.,"Build staff invitation acceptance, login, password reset request/confirm, neutral success pages and administrator user/invitation screens. Preserve form values safely and never reveal account existence.","Implement custom user model, normalized verified email, invitation issuance/consumption, password policy/hash upgrade, login throttles, provisional/full session creation, reset token hash/expiry/replay prevention and auth event recording.","Create users, staff_invitations, portal_invitations, login_throttles, auth_events and user_sessions with normalized-email uniqueness and token-hash indexes.",1) Create custom user before dependent migrations. 2) implement admin invitation. 3) implement token hashing. 4) implement login and throttle. 5) implement reset. 6) revoke sessions after reset. 7) add security notifications. 8) prohibit registration routes. 9) add complete negative tests.,Uniform failure text/timing; Secure/HttpOnly/SameSite cookies; compromised/common password controls; no password/token logging; reset links single-use and purpose-bound.,Login/reset p95 ≤1.0s excluding email delivery; ≤8 DB queries; throttle checks indexed and bounded; password hasher benchmarked on actual host.,Invitation expiry/reuse/wrong email; enumeration; brute force; reset replay; disabled user; hash upgrade; session revocation; CSRF; open redirect.,Only an authorized invitation creates access; account history survives email change/disable; repeated attack traffic is limited without locking out the whole application.,Identity models/services; auth screens/endpoints; admin invitation UI; password policy; auth event/security tests; staff onboarding guide.
S08,Phase 1 — Platform foundation,"Build MFA, session inventory and privileged step-up",Protect high-impact staff actions and make sessions individually controllable.,Password-only compromise is an unacceptable risk for a system containing all customer data and automation controls.,S07 identity/login.,"Build TOTP enrollment/confirmation, MFA challenge, recovery-code display/rotation, session inventory/revoke and step-up dialog preserving intended action.","Implement encrypted/secret-safe TOTP storage, two-code enrollment confirmation, hashed recovery codes, role enforcement/grace period, provisional session, session registry, idle/absolute expiry, password/role/disable revocation and recent-auth policy.",Create mfa_devices and mfa_recovery_codes; index active device/user and code hash; retain auth events without secrets.,1) Generate local secret/QR. 2) verify two codes. 3) issue codes once. 4) enforce privileged role MFA. 5) list/revoke sessions. 6) implement step-up token bound to session/action/age. 7) create admin reset process. 8) test recovery/break-glass.,Never log/display seed after enrollment; recovery codes hashed and one-use; step-up cannot be replayed across session/action; privileged session revocation immediate.,MFA verify p95 ≤900ms and ≤8 queries; no long-lived QR/seed page cache; session lookup indexed.,"Clock skew boundaries, recovery reuse, code exhaustion, role elevation, session theft/expiry, password reset revocation, step-up age/action binding, accessible authentication.",Privileged users cannot proceed without MFA; every session is visible/revocable; recovery works through audited policy without bypassing accountability.,MFA/session services and screens; recovery procedure; step-up middleware; break-glass runbook and quarterly drill script.
S09,Phase 1 — Platform foundation,"Build authorization, roles, teams, queues, delegation and offboarding","Enforce least privilege for every object, field, count, export, file and background action.",Broken object-level authorization is the highest-impact failure for staff and customer portal data.,S07-S08 identity; approved capability and scope matrix.,"Build role/capability, teams, queues, memberships, delegations, record grants and controlled offboarding screens. Hide unavailable actions but never rely on hiding for security.",Implement central authorization service and permission-scoped selectors; capability bundles/versioning; own/team/queue/specific/company scope; field read/write/export policy; contextual constraints; immediate permission changes; offboarding inventory/reassignment.,"Create roles, capabilities, role_capabilities, user_roles, teams, team_members, work_queues, queue_memberships, delegations and record_grants with effective dates and authority constraints.",1) Seed atomic capabilities. 2) implement role versions. 3) implement scope query builders. 4) implement object checks. 5) implement field policy. 6) enforce on list/count/search/detail/mutation/export/file/job. 7) add delegation. 8) add offboarding. 9) generate authorization matrix tests.,Default deny; actor cannot grant beyond own authority; portal boundary is separate policy; high-risk grants and offboarding require reason/step-up; no superuser shortcut in application services.,Permission filtering must use indexes and occur before pagination; authorization overhead target <50ms p95 on standard queries; no per-row policy N+1.,Role × scope × field × action matrix; direct URL; altered IDs; counts; search; aggregates; export; file; job replay; delegation expiry; inactive owner; four-eyes conflict.,A single test suite proves each role sees and changes exactly its permitted data across every path. Offboarding leaves no active object assigned to disabled users.,Capability registry; authorization/selectors; admin UI; matrix tests; role defaults; offboarding/delegation runbooks.
S10,Phase 1 — Platform foundation,Build immutable audit and security-event evidence,Make sensitive business and administrative actions reconstructable and tamper-evident.,"A production CRM must explain who changed customer state, permissions, exports, merges, workflows and models.",S03 correlation/logging; S06 database; S09 actor/authorization.,"Build privileged audit search/detail, security event queue and verification-manifest screen. Show diffs/reasons without exposing restricted values.","Implement audit append API used by services, actor types, before/after hashes or field-safe diffs, correlation, original/effective actor, hash chain/periodic manifest and verification command. Separate operational logs from audit.","Create audit_events and audit_manifests with append-only controls, target/time indexes and previous/hash fields. Prevent routine deletion/update.",1) Define audited action catalogue. 2) create safe diff/redaction. 3) append within business transaction. 4) hash chain batches. 5) verify manifests. 6) add access auditing for restricted fields/files. 7) create incident on gap/tamper. 8) test archive retention.,Audit contains no secrets/plain sensitive values; audit viewing itself is permissioned; administrators cannot erase evidence; impersonation records both actors.,"Audit append should add bounded queries (<3 typical) and not materially increase p95; verification runs as bounded job, never HTTP.",Completeness for sensitive commands; rollback creates no false audit; altered row/gap detection; disabled/merged actors; restricted value redaction; authorization.,"For every high-risk action, an auditor can reconstruct actor, authority, reason, target, time, version and outcome. Verification detects simulated alteration within one scheduled run.",Audit service/models/UI; audited-action map; verification command; manifests; security queue; evidence retention policy.
S11,Phase 1 — Platform foundation,Build private file storage and secure upload/download,Store customer files without database BLOB growth or public-path exposure.,"Attachments, quotes, exports and inbound files are a major confidentiality, inode and active-content risk on shared hosting.",S06 file metadata conventions; S09 authorization; actual private path from S01.,"Build reusable upload field, validation progress, classification/visibility labels, private file list, safe download action, rejection reason and no-inline active-content behavior.","Implement custom storage outside public root, randomized two-level paths, streaming upload with byte limit, signature/MIME/extension checks, filename normalization, SHA-256, classification, linkage, safe Content-Disposition/nosniff and download audit.","Create file_assets and file-link associations with checksum, size, type, path, validation, retention, uploader and soft-delete state; index business owner and retention dates.",1) Establish allowlist. 2) create temp quarantine. 3) stream and cap bytes/count. 4) sniff signatures safely. 5) reject scripts/macros/HTML/SVG/nested archives by default. 6) move accepted file atomically. 7) persist metadata. 8) authorize every stream. 9) schedule cleanup/archive.,No public URL; no path from user input; no active inline rendering; strict allowlist because no malware scanner; step-up/access audit for restricted files; traversal and symlink defenses.,"Default upload 5 MB, policy exception 20 MB; upload request p95 depends on transfer but validation CPU bounded; metadata detail ≤15 queries; file stream does not load whole file in memory.","Traversal, double extension, MIME mismatch, oversized/truncated, macro, SVG/HTML, archive bomb, unsafe filename, cross-scope download, deleted/held file, range/stream behavior.","A file cannot be fetched through a guessed path or wrong customer scope, cannot execute active content through the app, and storage/inode use remains measurable and recoverable.",Private storage backend; upload/download endpoints/components; allowlist policy; malicious corpus tests; cleanup and capacity metrics.
S12,Phase 1 — Platform foundation,"Build governed configuration, reference data, custom fields and policies","Turn business behavior into versioned, validated, reviewable configuration rather than scattered constants.","Pipelines, SLA, forms, templates, caps and reason dictionaries will change; unsafe runtime configuration can become code execution or retroactive history corruption.",S00 approved defaults; S09 admin authorization; S10 audit.,"Build administration screens for company settings, dictionaries, calendars, teams/queues preview, custom fields, tags, feature flags and configuration version diff/activation/rollback.","Implement schema-validated configuration bundles, effective dating, dependency analysis, checksums, staged activation, rollback for new behavior, typed custom fields, governed tags, business calendars, SLA/assignment policy versions and feature flags.","Create configuration_versions, feature_flags, business_calendars, sla_policies, assignment_rule_versions, custom_field_definitions/values and tags/entity_tags.",1) Seed opinionated default codes. 2) define JSON schemas and stable codes. 3) create draft/review/active/retired lifecycle. 4) calculate dependency impact. 5) simulate routing/policy. 6) require reviewer for high impact. 7) schedule activation. 8) retain historical version references. 9) support safe rollback.,No Python/SQL/template expression in configuration; secrets excluded; actor cannot activate beyond capability; label edit cannot trigger mass customer effects; feature flags cannot bypass security/consent.,Admin lists/details p95 ≤1.5s; activation request only writes configuration/events and never performs mass backfill inline; dependency analysis bounded/indexed.,"Schema tamper, unknown field/operator, dependency retirement, activation conflict, historical effective date, rollback, unsafe feature flag, localization extraction, permission/four-eyes.","Every effective business rule shows version, author, reviewer, time, dependency impact and rollback. Historical calculations remain tied to the version valid when facts occurred.",Configuration engine/UI; default bundle; policy services; custom fields/tags; dependency reports; activation tests.
S13,Phase 2 — Core domain,Build reusable state-machine and invariant engine,"Create one explicit transition pattern for lead, opportunity, onboarding, support, recovery, success and operational states.","Directly editing status fields leads to missing evidence, broken SLA, unowned work and automation on uncommitted data.",S06 transactions/history; S09 policy; S10 audit; S12 state definitions.,"Build reusable stage/status stepper, allowed-action menu, evidence form, transition preview, rejection explanation and historical interval view. Never expose arbitrary status dropdown for governed states.","Implement typed transition definitions with allowed edges, permission, required fields/evidence, entry/exit actions, owner/action invariant, terminal outcomes, corrective/reopen events and committed domain-event creation.",Create append-only stage/event table patterns and current-state projections. Add constraints for owner/next action/wake-up where representable and nightly invariant checks otherwise.,1) Define transition contract. 2) implement validator. 3) lock target row/version. 4) validate edge/authority/evidence. 5) append event and update current state. 6) write audit/domain event atomically. 7) schedule effects later. 8) implement correction/reopen. 9) add reconstruction tests.,No transition from client-supplied state alone; object/field policy; terminal and destructive transitions require reason/step-up where configured; automation sees committed event only.,Typical transition p95 ≤1.8s and ≤22 queries; lock only target/current dependencies; no table scans; events indexed by entity/effective time.,Every valid/invalid edge; missing evidence; stale If-Match; concurrent transitions; rollback; historical reconstruction; reopen/correction; owner/action invariant; permission matrix.,"No governed state can be bypassed through HTML, API, import or job. Reports reconstruct historical state and elapsed intervals exactly from append-only events.",State-machine library; transition UI; history models; invariant checker; test fixture DSL; transition documentation.
S14,Phase 2 — Core domain,"Build canonical organizations, contacts and relationships","Create one trustworthy customer identity model before leads, tickets and automation depend on it.",Embedding contacts inside companies or allowing duplicates destroys customer history and authorization correctness.,S06 schema; S09 policy; S11 files; S12 custom fields; normalization rules.,"Build organization/contact lists, create/edit forms, contact-point editor, relationship history, address forms, account-owner/team controls and duplicate candidate preview during creation.","Implement normalization, canonical services, relationship effective dates, contact-point primary/verification, address minimization, ownership/account team and lifecycle derivation/controlled override.","Create organizations, contacts, contact_organizations, contact_points, addresses and account-team relations with normalized indexes and opaque public IDs.",1) Implement deterministic normalizers with fixtures. 2) create canonical models. 3) add forms/selectors. 4) create identity match checks before commit. 5) implement relationship moves without history loss. 6) add owner/team. 7) emit timeline/events. 8) add import-safe service path.,Field-level policy for private/restricted data; enumeration-safe IDs; collect only configured address fields; original/display values retained; changes audited.,"List p95 ≤1.4s, detail ≤1.5s; standard detail ≤25 queries; indexes on public ID, normalized name/email/phone/domain, owner/state/updated.","Normalization locales, duplicate exact cases, primary uniqueness, relationship end/new employer, concurrent edit, unauthorized field POST, soft delete/restore, search performance.","Staff can find one canonical customer/person, see current and historical relationships, and no creation path silently starts a second active identity when a strong match exists.",Customer models/services/selectors; organization/contact UI/API; normalization library; relationship/contact-point tests; seed data/import mappings.
S15,Phase 2 — Core domain,"Build consent, preferences, suppression and communication policy precedence",Ensure no manual or automated customer message bypasses purpose/channel choice or higher-priority holds.,"Communication automation is dangerous unless eligibility changes immediately after reply, opt-out, bounce, complaint or security/legal restriction.",S12 policy configuration; S14 customer/contact points; S10 audit.,"Build consent history/effective preference UI, global/purpose/channel hold display, signed preference center, suppression administration and a clear policy-explanation component on every draft/outbox item.","Implement append-only consent evidence/current projection, signed preference link, global DNC, address/channel/purpose suppression and a single communication-policy engine with fixed precedence and reason codes.","Create consent_preferences, suppression_entries and communication_policy_versions; index contact/address/purpose/channel/effective dates.",1) Classify every communication purpose. 2) define precedence. 3) implement evidence append/projection. 4) implement signed tokens. 5) implement guard API shared by manual/automation. 6) persist guard decision/reasons. 7) re-evaluate at outbox claim. 8) add immediate cancellation hooks. 9) test conflicting policies.,Token purpose/object/action binding; no consent inference from opens; service/legal classification separate; changes audited and effective before next claim; only authorized override with expiry.,Guard evaluation target <100ms p95 and ≤10 indexed queries; no full contact history scans; signed pages p95 ≤1.4s.,DNC vs service notice; unsubscribe vs quiet hours; hard bounce; reply after scheduling; low feedback; complaint; legal hold; expired/tampered token; manual-send bypass attempts.,Every send intent displays a deterministic allow/hold/cancel result and reasons. Changing a preference or receiving a reply prevents an otherwise due message before transmission.,Consent/suppression models/services/UI; preference center; guard contract; purpose dictionary; precedence test matrix.
S16,Phase 2 — Core domain,"Build Customer 360, normalized timeline and universal search","Give authorized staff a complete, fast, source-linked view of every customer situation.",The product promise depends on eliminating fragmented context without creating a second copy of source data.,S14 identity; S15 consent; source modules may initially contribute placeholders.,"Build Customer 360 header and tabs, normalized timeline filters, source deep links, visibility labels, universal search with keyboard navigation, safe empty states and mobile priority layout.","Implement permission-aware overview selector, timeline projector/registry, incremental source event projection, bounded search across normalized fields and read models for active obligations/alerts.",Create timeline_events and optional small projection tables; indexes on organization/contact/event time/type/visibility/source. Search uses existing normalized columns.,1) Define timeline event schema. 2) register source event renderers. 3) project from committed events idempotently. 4) build overview selector. 5) build search union/query services. 6) apply actor scope before counts. 7) paginate by time/public ID. 8) add reconciliation command. 9) profile representative data.,No restricted summaries in search/timeline; visibility change audited; count leakage prevented; file and source links reauthorize at destination.,"Customer overview p95 ≤1.6s, ≤35 queries; timeline/search first page p95 ≤2.0s; page size 25–50; no leading wildcard on large text.","Cross-role results/counts, deep links, correction events, source deletion/soft delete, pagination stability, N+1, 20k contacts/300k events, mobile/keyboard.","An authorized user identifies status, owner, next action, risk and recent history above the fold; search returns only permitted records within target and every timeline item links to authoritative evidence.",Customer 360 pages; timeline/search services/endpoints; projections; renderer registry; query-budget and reconciliation tests.
S17,Phase 2 — Core domain,"Build duplicate review, atomic merge, data quality and customer governance",Protect canonical identity and surface incomplete/stale records as owned work.,"Uncontrolled merges are irreversible business harm; poor data silently breaks assignment, automation, scoring and reporting.",S14 identity; S16 timeline/search; S10 audit; S34 governance may be partially scaffolded.,"Build duplicate candidate queue, evidence comparison, field-level merge preview, dependency impact, step-up/approval, reversible map, data-quality dashboard and privacy/legal-hold customer tab.","Implement exact/fuzzy candidate generation, human decisions, atomic merge re-parenting and alias map, integrity checks, completeness rules, soft-delete/restore/purge hooks, restricted-field access audit and governance case links.","Create duplicate_candidates, merge_records/maps/field decisions, data-quality issue projection, privacy_cases and legal_holds foundations.",1) Define match signals/thresholds. 2) generate candidates asynchronously/bounded. 3) build preview. 4) lock both records and dependencies. 5) apply chosen field/relationship mappings atomically. 6) preserve source IDs/history. 7) create reversible period. 8) run post-merge reconciliation. 9) implement quality rules/ownership.,Never auto-merge; step-up/four-eyes for destructive merge; portal grants/consent/files checked; legal hold blocks purge; restricted access audited.,"Candidate list p95 ≤1.5s; preview p95 ≤1.7s; merge duration bounded and measured, with maintenance/queued path if unusually large; indexed normalized signals.","Race with concurrent edit, failed child re-parent rollback, conflicting consent/contact points, portal isolation after merge, undo before compaction, quality rule reconciliation, held records.","No merge loses history, consent, files or authorship; a failed merge leaves no partial state; every quality exception has exact record/field, severity, owner and resolution evidence.",Duplicate/merge engine and UI; data-quality rules/dashboard; privacy/legal-hold scaffolding; merge and rollback tests.
S18,Phase 2 — Core domain,"Build tasks, activities, approvals and unified work queue","Convert every lifecycle obligation and customer signal into owned, due, traceable human work.",Zero-drop operation is impossible without one cross-module queue and durable reminders.,S09 users/queues/delegation; S13 state patterns; S16 customer context.,"Build operational home queue, task list/detail, activity composer, approval queue/detail, calendar, notifications, transparent rank reasons and bounded bulk actions.","Implement task lifecycle/recurrence, durable reminder jobs, activity logging/meaningful interaction, derived work queue projection, atomic claim/release, approvals/snapshot invalidation, escalation and digest preparation.","Create tasks, task_events, activities, work_queue_items, approval_requests/decisions and notifications with state/owner/queue/due indexes.",1) Define source-to-work projection contract. 2) implement task service. 3) implement recurrence. 4) implement claim atomicity. 5) implement approvals. 6) project replies/SLA/recovery/failures. 7) implement ranking. 8) add calendar/timezone. 9) add integrity checks and dashboards.,Queue and source object both authorize access; private activity summaries omitted; snooze cannot hide hard SLA; approval actor separation; bulk actions capped/previewed.,Queue first page p95 ≤1.5s and ≤22 queries; task mutation ≤1.8s; rank computed from indexed projection rather than large runtime union.,"Two-user claim race, reminder restart, recurrence DST/month-end, stale approval, delegation expiry, private activity leakage, queue reconciliation and bulk mixed failures.",Every active object can create one visible work item; queue counts reconcile to source records; two users cannot claim the same work; browser closure/restart never loses reminders.,Work models/services/UI; recurrence/reminder jobs; approval framework; queue projector; ranking policy; notification and calendar tests.
S19,Phase 3 — Commercial lifecycle,"Build lead intake, assignment, SLA, qualification and conversion","Turn every accepted enquiry into one accountable, deduplicated, policy-compliant sales process.",The earliest customer experience and revenue protection depend on fast response and immediate stop when the prospect replies or opts out.,S14 customer identity; S15 communication guard; S18 work queue; S13 state machine.,"Build public/internal lead forms, lead queue, lead workspace, source/assignment evidence, SLA timer, qualification panel, score explanation, sequence status and conversion preview.","Implement shared intake adapters, abuse/quarantine, duplicate/existing-customer check, assignment engine, first-response SLA, acknowledgement intent, qualification snapshots, transition/invariant, source attribution, stale escalation, rules score and atomic conversion.","Create leads, lead_source_events, qualification_snapshots and assignment rule references; indexes on state/owner/SLA/due/source/normalized contact.",1) Define intake DTO. 2) implement manual/public/email/import adapters. 3) dedupe before assignment. 4) assign deterministically. 5) start SLA and task. 6) queue permitted acknowledgement. 7) qualify/transition. 8) stop on meaningful reply. 9) convert atomically. 10) aggregate outcomes.,Public rate limits/honeypot/timing; no automation from quarantined import/form; consent guard; owner/action invariant; low score never blocks review; no arbitrary bulk recipients.,Public form p95 ≤1.8s; staff list/detail ≤1.5s; create/transition ≤1.8s; response warning jobs within one Cron interval; indexed list ≤22 queries.,"Equivalent source payloads, duplicate event/replay, assignment absence/capacity, business calendar, auto-ack not human response, reply race, disqualify/nurture/convert rollback, score abstention.","Each accepted lead has one owner, SLA, future action and source evidence within the request/first Cron interval; duplicate intake never starts a second sequence; conversion creates one linked opportunity.",Lead frontend/backend/API; public form; assignment/SLA/qualification/conversion; rules score; reports and UAT-02/03/04 evidence.
S20,Phase 3 — Commercial lifecycle,"Build opportunities, pipelines, catalogue, stakeholders and risk","Manage evidence-based commercial progression with accurate values, forecast source and next actions.",Generic stage boards without enforced evidence create misleading forecasts and stalled deals.,S19 leads; S12 configuration; S13 transitions; S18 tasks.,"Build opportunity list/board/detail, keyboard stage movement dialog, pipeline/catalgoue administration, stakeholder and product-line editors, risk reasons and forecast categories.","Implement pipeline versions/stages, opportunity creation/update, stage transition/history, stakeholders, product catalogue/effective version, line items, stored exchange rates, forecast category, probability source, stall/risk calculation and pause/wake-up.","Create pipelines/versions/stages, product_services, exchange_rates, opportunities, opportunity_contacts/lines and stage events with stage/owner/close-date/action indexes.",1) Approve pipelines. 2) implement versioned configuration. 3) create opportunity service. 4) add stakeholders/lines. 5) implement stage evidence. 6) append timing history. 7) implement risk reasons. 8) handle close-date slips and pause. 9) build board/list/detail. 10) profile forecast queries.,Financial field restrictions; no stage drag bypass; override probability/forecast reason; retired catalogue cannot be newly selected; direct API cannot alter stage without command.,List/board/detail p95 ≤1.7s; detail ≤32 queries; stage transition ≤1.8s; forecast/drilldown ≤2.0s; indexes avoid stage-column N+1.,Every edge/evidence; concurrent transition; missing stakeholder risk; currency/rounding; retired product; close-date slip; pause expiry; board keyboard/accessibility; report reconciliation.,"Every active opportunity has owner, value/currency, stage, close date and next action; stage history reconstructs velocity; risk reasons are visible and deterministic; board totals reconcile.",Opportunity/pipeline/catalogue frontend/backend/API; risk service; forecast projections; stage and financial tests.
S21,Phase 3 — Commercial lifecycle,"Build quotes, approvals, issue/delivery and atomic won/lost handoff",Produce reproducible commercial documents and convert outcomes into the downstream customer lifecycle exactly once.,A quote is commercial evidence; mutable issued documents or partial won handoffs create financial and delivery disputes.,S20 opportunities/catalogue; S18 approval; S11 files; S15 policy.,"Build quote list/editor/version switcher, line totals, approval snapshot/diff, signed delivery evidence, expiry warnings, won/lost dialogs and handoff completeness review.","Implement quote family/version/line services, decimal rounding, approval thresholds/four-eyes, issue freeze/checksum/document generation, signed link/delivery intent, expiry actions, idempotent won handoff and structured lost/no-decision outcome.","Create quotes, quote_versions, quote_lines, approval links and won-handoff uniqueness; index opportunity/state/expiry/version.",1) Define commercial calculation rules. 2) create drafts/versions. 3) validate totals/terms. 4) request approval on immutable snapshot hash. 5) freeze issue. 6) generate private document. 7) deliver via guarded outbox. 8) handle expiry/replacement. 9) validate handoff. 10) mark won atomically or record lost evidence.,Financial/discount permissions; approver separation; signed links scoped/expiring; issued version immutable; file revalidation at send; lost/won require evidence and step-up if configured.,Quote editor/detail p95 ≤1.7s; issue command ≤1.8s excluding queued document/mail; won transaction ≤2.5s and short locks; document generation queued if expensive.,"Rounding/tax/discount boundaries, stale approval after edit, self-approval, issue replay, signed token tamper/expiry, delivery failure, won duplicate event/crash, incomplete handoff, lost reasons.",An issued quote can be reproduced byte-for-byte from version/checksum; repeated won calls create one onboarding/success/renewal chain and one event; no outcome closes without required evidence.,Quote frontend/backend/API; calculation and document generation; approvals; signed delivery; won/lost handoff; UAT-04/05 evidence.
S22,Phase 3 — Communications,"Build mailboxes, templates, blocks and controlled drafts","Create safe, reviewed customer communication content and mailbox configuration before sending automation.",Free-form generative text and arbitrary senders are outside scope; reproducibility requires exact template/version/block evidence.,S11 files; S12 configuration; S15 purposes; S18 approvals.,"Build mailbox administration/test, template and block library, versioned editor, allowlisted variable dictionary, plain-text/HTML preview, draft queue and controlled composer.","Implement email account metadata/secret references, template/version lifecycle, safe variable resolver, HTML sanitation, plain-text alternative, approved block assembly, draft rendering hash and material-edit approval invalidation.","Create email_accounts, templates, template_versions, message_blocks and draft/message metadata structures; index code/purpose/state/effective dates.",1) Create dedicated mailboxes. 2) define sender/purpose mappings. 3) implement template schema. 4) implement allowlisted variables/fallback. 5) implement sanitizer/plain text. 6) create block assembly. 7) persist draft/render hash. 8) add previews/test contexts. 9) add review/activation. 10) test mail clients.,Credentials only environment/secret reference; no arbitrary From/Reply-To; no template code/expression; CR/LF rejection; no external fonts/scripts/tracking; attachments only authorized files.,Template/draft screens p95 ≤1.6s; rendering <150ms typical; request ≤1MB; preview bounded; static assets local.,"Missing variable, unauthorized attribute, injection, unsafe HTML, CR/LF, sender override, attachment scope, material edit invalidation, plain-text parity, staging interception.","Every customer message can identify exact sender, purpose, template version, source blocks, rendered hash and approval state; no configuration can execute code or choose arbitrary sender.",Mailbox/template/block/draft frontend/backend/API; content standards; approved baseline templates; sanitizer and rendering tests.
S23,Phase 3 — Communications,"Build transactional outbox, final policy guard and SMTP delivery state","Ensure customer messages are low-volume, policy-compliant, auditable and recoverable across retries and ambiguous SMTP outcomes.",Sending inline or blindly retrying after network failure creates duplicates and violates consent/hosting limits.,S15 policy engine; S22 drafts/templates/mailboxes; S10 audit.,"Build outbox list/detail, priority/state filters, policy evidence, attempt timeline, cancellation/retry controls and explicit delivery-unknown reconciliation UI.","Implement send-intent creation in business transaction, deterministic Message-ID/idempotency key, priority lanes, global/mailbox/contact caps, claim/final guard, SMTP MIME handoff, delivery events, transient/permanent/ambiguous classification and Sent/archive reconciliation.","Create outbox_messages, delivery_events and communication_ledger with unique idempotency/message identity and state/priority/scheduled indexes.",1) Define state machine READY/CLAIMED/SENDING/SENT/FAILED/DELIVERY_UNKNOWN. 2) create intent transactionally. 3) claim bounded batch. 4) re-check policy. 5) write attempt before handoff. 6) send. 7) classify response. 8) never blind-retry unknown. 9) reconcile evidence. 10) enforce 60/hour and 10/5 minutes.,Same guard for manual/automation; no mass recipient upload; sender allowlist; header injection prevention; BCC/archive privacy; secrets redacted; step-up for ambiguity resolution if needed.,"Send command ≤10 messages/35s, internal cap 60/hour; web send intent p95 ≤1.8s; outbox list ≤20 queries; no request performs SMTP.","Crash before/after attempt/handoff, duplicate Cron, policy change after schedule, rate cap, hard/soft failure, connection timeout ambiguity, Sent reconciliation, attachment deleted, emergency stop.",No confirmed duplicate customer message occurs in forced-failure tests; every ambiguous handoff becomes visible and is not retried automatically; service mail outranks relationship mail without exceeding caps.,Outbox/SMTP services; state machine; Cron command; operations UI; failure-injection suite; delivery runbook.
S24,Phase 3 — Communications,"Build IMAP ingestion, threading, inbound safety and reply-aware stopping",Bring customer replies into the canonical timeline and immediately adapt automation.,"Closed-loop follow-up fails if replies are duplicated, misthreaded, unsafe or processed too late.",S22 mailboxes; S23 messaging records; S16 timeline; S26 runtime may be scaffolded.,"Build CRM inbox, thread detail, sanitized message viewer, attachment validation state, customer context, ambiguous match review, classify/rethread controls and reply work item.","Implement bounded UID polling, mailbox cursor, MIME parser, UID/Message-ID dedupe, safe body storage/preview, threading hierarchy, reply-token/fallback confidence, intent classification hook, customer/ticket/lead matching, domain events and future-job/outbox cancellation.","Create email_threads, email_messages, message_recipients, message_attachments and mailbox cursor/health fields; unique mailbox+UID and Message-ID indexes.",1) Poll unseen UID batch. 2) persist raw evidence safely. 3) parse headers/body/attachments defensively. 4) dedupe. 5) thread by standards. 6) match customer/context. 7) flag ambiguity. 8) commit inbound message+event. 9) create/refresh work item. 10) cancel generic future actions idempotently.,Inbound HTML untrusted; remote content disabled; spoofing indicators; attachment allowlist; no sender identity trust solely from From header; internal/portal visibility explicit.,≤25 messages/35s per poll; urgent reply visible within one five-minute interval; thread page p95 ≤1.5s; indexes prevent mailbox rescans.,"Re-poll same UID, missing/duplicate Message-ID, References chain, fallback ambiguity, crafted MIME, oversized attachment, reply between schedule/claim, closed ticket reopen, misattributed sender.","Each inbound message exists once, threads correctly or enters review, creates one actionable reply item and stops incompatible future messages within one polling/Cron interval.",IMAP/threading/inbox frontend/backend/API; safe MIME fixtures; reply-stop integration; mailbox health and recovery runbook.
S25,Phase 4 — Automation,"Build domain events, workflow definition/compiler and simulation","Create a safe declarative automation language whose behavior is versioned, inspectable and side-effect free until activated.","Hard-coded timers cannot support reliable exits, policy precedence, audit or company-managed evolution.",S10 audit; S12 configuration; S13 states; domain services emitting committed events.,"Build automation list/overview/builder/simulation screens with allowlisted trigger, typed condition tree, ordered steps/delays, exits, caps, approvals, conflict policy, dependencies and exact trace.","Implement domain event schemas/registry, consumption ledger, workflow families/versions, compiler validation, typed field dictionary/operators, action registry, graph cycle/depth/step checks, dependency analysis and side-effect-free simulation against records/snapshots.","Create domain_events, event_consumptions, automation_definitions/versions and normalized/JSON validated step plan; index type/time/correlation and code/version/state.",1) Register committed event contracts. 2) implement versioned definitions. 3) define trigger/condition/action schemas. 4) implement compiler. 5) reject arbitrary code/URLs. 6) compute dependencies/cycles. 7) implement simulation clock/guards/conflicts. 8) add reviewer/activation checks. 9) create contract fixtures.,No Python/shell/SQL/eval/templates/HTTP callback; actor cannot configure action beyond approved scope; record samples permissioned; simulation never writes business/customer events.,"Definition pages ≤1.6s; simulation request ≤1.9s for bounded sample and ≤24 queries; max 30 steps, boolean depth/size bound, max five nested enrolments.",Every trigger/operator/action; invalid field/type; direct/indirect cycle; excessive graph/depth; unauthorized action; rollback event absence; duplicate event; simulation zero side effect.,"A process owner can see exactly why a record would enroll, dates/actions/guards/exits/conflicts, and unsafe definitions cannot activate or execute arbitrary code.",Event registry/ledger; workflow compiler/simulator; builder UI/API; dependency report; contract/security tests.
S26,Phase 4 — Automation,"Build durable workflow runtime, jobs, retries, dead letters and emergency stop",Execute delayed automation safely through bounded cPanel Cron without daemons.,"Server restarts, overlapping Cron and transient failures must not lose, duplicate or hide work.",S25 compiled plans/events; S18 work queue; S23 outbox.,"Build run/job/dead-letter trace screens, pause/resume/cancel, replay preview, command heartbeat, queue age and emergency-stop banner/control.","Implement enrollment uniqueness/re-entry policy, workflow run state, durable scheduled jobs, one-command DB lease, atomic job claim, attempt records, idempotent actions, retries/backoff/jitter, dead letters, nested depth/correlation, conflict resolver, global frequency ledger and kill switch.","Create workflow_runs/events, scheduled_jobs, job_attempts, dead_letters, command_leases/runs; indexes on state/due/retry/lease/idempotency/correlation.",1) Enroll from event idempotently. 2) create first job. 3) acquire command lease. 4) claim short batch. 5) re-evaluate exits/policy. 6) execute action. 7) append result/next job. 8) classify/retry/dead-letter. 9) checkpoint/time out. 10) implement pause/cancel/emergency/replay.,Runtime uses system policy but cannot exceed action allowlist/record scope; replay requires current authorization/policy and reason; emergency stop privileged/audited; errors redact customer/secrets.,≤50 jobs or 40s per command; due-job p95 begins within one Cron interval +2 min; locks short; process memory ≤512MB; command overlaps produce one executor.,"Concurrent runners, stale lease, crash after claim/action/commit, event redelivery, retry schedule, permanent/policy error, nested loop guard, reply/opt-out final exit, kill switch latency.",Restart/duplicate Cron cannot lose or logically duplicate actions; every failure has owner/severity/replay path; emergency stop blocks new external effects within one interval while state remains recoverable.,Runtime/job/lease/retry/dead-letter services; Cron commands; operations screens; failure-injection/soak tests; runbooks.
S27,Phase 4 — Automation,Configure and verify all 28 production workflows,Translate the approved operating model into reviewed draft workflows and activate only after complete evidence.,"The engine alone provides no customer outcome; every production workflow needs company policy, templates, stops, ownership and tests.",S19-S26 modules; approved workflow owners/templates/SLAs.,Build workflow-specific overview/help text and simulation fixtures. No new framework component unless a workflow exposes a missing generic need.,"Install WF-01 through WF-28 as versioned drafts; bind triggers, conditions, tasks/messages, owners, delays, exits, caps, conflicts, metrics and rollback/in-flight policy. Implement any missing typed action through the registry, never one-off code inside a workflow.",Persist 28 definition/version records and test fixtures; no customer run is created merely by deployment.,For each workflow: 1) name owner/escalation. 2) bind trigger schema. 3) define eligibility. 4) bind templates/purpose. 5) define actions/delays. 6) define reply/opt-out/complaint/completion/stage/manual exits. 7) simulate positive/negative/duplicate/conflict cases. 8) test retry/dead-letter/auth. 9) approve. 10) activate progressively.,High-impact workflows require four-eyes; imported/quarantined/test records excluded; no mass mail; security/recovery/service precedence; no auto-merge/churn/high-impact AI action.,Each workflow respects engine batch/mail caps; simulation stays bounded; metrics aggregate incrementally. Activation volume is staged.,"Five mandatory categories per workflow: positive, stop/exit, duplicate event, retry/dead letter, permission. Add race tests for message/reply and one-time handoffs.","All 28 workflow packs have named owner, exact simulation output, approved templates/policy, rollback and test evidence. Activation is controlled and no workflow can contact an ineligible customer.",Workflow configuration bundle; simulation snapshots; test pack; approval register; activation/rollback plan; staff guidance.
S28,Phase 5 — Full lifecycle,"Build onboarding templates, cases, milestones, requests and blockers",Turn each won promise into an accountable delivery plan and measurable time-to-value.,"A won deal is not value until handoff, customer inputs, milestones and blockers are managed and closed.",S21 won handoff; S18 tasks; S23 messaging; S26 automation; S32 portal scaffold as needed.,"Build onboarding queue/detail/template editor, dependency-aware checklist, weighted progress, customer request cards, secure uploads, blocker panel, completion/cancel dialogs and customer-visible wording preview.","Implement template/version snapshot, one-case-per-handoff, role-based assignment, handoff completeness, milestone/dependency/waiver, customer request tokens/portal, reminders/exits, blocker escalation/health effect, progress calculation and completion feedback/success handoff.","Create onboarding_templates/versions, cases, milestones, dependencies, customer_requests and blockers with case/state/owner/due indexes and handoff uniqueness.",1) Map products to templates. 2) instantiate snapshot at won. 3) validate handoff. 4) assign owner/tasks. 5) start approved welcome. 6) request inputs. 7) manage dependencies/blockers. 8) compute progress. 9) complete mandatory outcomes. 10) schedule one feedback/success review.,Portal/signed request scope; file controls; customer-visible vs internal separation; waiver approval; reminders stop on reply/submission/hold/completion; incomplete handoff can return to sales.,Queue/detail ≤1.6s; progress deterministic; reminders within one interval; one case per handoff enforced; milestone updates ≤1.8s.,"Template edit does not alter active case, dependency cycle, duplicate won event, token tamper, upload scope, reminder race, blocker escalation, waiver permission, completion missing item/cancel outcome.",Every won opportunity produces exactly one complete owned case; the customer knows what is needed; progress reconciles to milestones; blockers age visibly; completion establishes success baseline and feedback.,Onboarding frontend/backend/API/templates; portal request integration; workflows WF-12–15; reports and UAT-05/06 evidence.
S29,Phase 5 — Full lifecycle,"Build support desk, SLA clocks, incidents and knowledge","Provide reliable multi-source support with meaningful response metrics, safe conversations and recoverable poor outcomes.","Auto-acknowledgements must not hide slow human response; waiting, reopen and internal notes require exact semantics.",S24 email ingestion; S18 queues; S12 SLA; S26 workflows; S11 files.,"Build ticket queue/detail, SLA clocks, triage forms, customer/internal conversation composer, assignment/claim, root-cause/resolution, reopen/merge, incident command center, knowledge library/editor and SLA administration.","Implement common intake/dedupe, human-readable reference + opaque ID, triage/priority matrix, business-calendar SLA intervals, meaningful first response, waiting dependencies/wake-up, conversation visibility, assignment, ticket links/merge, incident cadence, diagnosis/root cause, knowledge versions, resolution/reopen and CSAT trigger.","Create ticket_categories, tickets/events, sla_clock_intervals, ticket_links, support incidents, knowledge_articles/versions/usage; indexes on state/owner/priority/next SLA/customer/reference.",1) Define categories/priority/SLA. 2) implement all intake adapters. 3) assign/triage. 4) start clocks. 5) manage visible conversation. 6) transition waiting/in-progress. 7) warn/breach immutably. 8) resolve with evidence. 9) reopen on unresolved reply. 10) schedule one CSAT interval.,Portal never sees internal notes/metadata; email untrusted; ticket reference not authorization; SLA corrections append events; critical incident updates restricted; file controls.,Ticket list/detail ≤1.6s/32 queries; clock calculation bounded/indexed; urgent intake/reply within one poll interval; dashboards ≤2s.,"Mailbox/form/portal dedupe, priority matrix, holiday/DST, auto-ack exclusion, wait pause rules, atomic claim, internal note leakage, merge provenance, missed incident cadence, resolve/reopen/CSAT uniqueness.",Every ticket has visible owner/priority/SLA/next action; meaningful first response is honest; waiting clocks reconcile; portal sees only customer content; low CSAT flows to recovery.,Support frontend/backend/API; SLA engine; incidents/knowledge; workflows WF-16–19; reports and UAT-07 evidence.
S30,Phase 5 — Full lifecycle,"Build surveys, feedback validation and low-score recovery",Make customer feedback operational input that immediately changes follow-up and customer treatment.,A feedback dashboard without owned recovery repeats dissatisfaction and can trigger inappropriate promotion.,S23 messaging; S26 workflow; S29 support; S15 holds.,"Build survey/version editor, request/status list, signed and portal survey pages, response detail/theme evidence, recovery queue/detail, hold visibility and accessible mobile forms.","Implement survey purpose/version/scale, eligibility/fatigue at schedule/send, signed token, one-click rating + comment/amendment, anonymous mode, validation/exclusion, local theme/severe phrase classification, recovery case/hold, root cause/action/outcome and privacy-aware reporting.","Create survey_definitions/versions, feedback_requests/responses/answers, recovery_cases/events; indexes on purpose/state/contact/sent/responded/recovery.",1) Configure survey purposes. 2) implement accessible forms. 3) calculate eligibility/fatigue. 4) issue token. 5) capture exact version. 6) validate. 7) classify locally. 8) open one recovery for low/severe. 9) hold promotional/advocacy. 10) close only with outcome.,Anonymous mode never re-identifies; token purpose-bound; raw text stays local; tiny cohorts suppressed; low-confidence classification human-reviewed; delivery failure not negative score.,Signed page ≤1.6s; low score creates recovery within one Cron interval; reporting ≤2s; classifier bounded and nonblocking.,"Token tamper/expiry/replay, fatigue conflicts, amend history, anonymous linkage absence, severe phrase/low confidence, duplicate/test/spam exclusion, low-score hold race, recovery closure evidence.",Every valid low score/severe complaint gets one owner/due action and immediate promotion hold; survey history preserves exact version; invalid/non-delivery data never pollutes health/models.,Feedback/recovery frontend/backend/API; survey defaults; workflows WF-19/20; classifier fixtures; reports and UAT-08 evidence.
S31,Phase 5 — Full lifecycle,"Build customer success, health, renewal, churn and advocacy","Create proactive, explainable retention operations across service, feedback, onboarding and commercial evidence.","Small companies need to see risk and renewal obligations before churn, without aggressive model-driven upsell.",S28-S30 outcomes; S20 commercial values; S18 work queue; S35 AI may initially use rules.,"Build portfolio, health history/reasons, success plans/actions, renewal list/detail, churn/win-back and advocacy suggestion screens. Always show computed vs override and evidence links.","Implement success profile/owner/review invariant, versioned health rules, immutable snapshots/reasons, override expiry, at-risk plan, meaningful inactivity, outcome plans, renewal cycles/milestones/decision, churn/corrective event, win-back eligibility and recommendation-only advocacy.","Create health_rule_sets/snapshots/reasons, success profiles/plans/actions, renewals, churn_events and advocacy_suggestions; indexes on state/owner/review/renewal/health band.",1) Define segments/dimensions/weights. 2) calculate rules snapshot. 3) create owner/review tasks. 4) open plan on risk. 5) detect inactivity. 6) create renewal cycle and 90/60/30 jobs. 7) compile open issues. 8) record decision/churn. 9) assess win-back. 10) suggest advocacy only after positive validated evidence.,No model-only upsell/churn; consent/fatigue/active recovery guards; financial field policy; override reason/expiry; corrective events not history rewrite.,Portfolio/health/renewal pages ≤1.6s; health batch checkpointed nightly and yields to operational jobs; no full unindexed scan; one renewal workflow per cycle.,"Health deterministic fixtures/double-counting, override expiry, active risk without plan, automated send not engagement, duplicate renewal sequence, churn correction, DNC win-back, advocacy suppression.",Every active customer has success owner/review date; every at-risk customer has plan or approved exception; health is fully explainable; renewals and churn reconcile to value records; advocacy never auto-sends.,Success frontend/backend/API; health rules/defaults; renewal/churn workflows WF-21–25; portfolio reports; UAT-09 evidence.
S32,Phase 6 — Portal and public interaction,Build invitation-only customer portal and signed public flows,Provide focused self-service while preserving strict organization/contact isolation.,A portal expands attack surface; every query and mutation must derive scope server-side and expose only deliberate customer wording.,S07 portal identity/invitation; S09 portal policy; S11 files; onboarding/support/feedback modules.,"Build separate portal shell, home, onboarding requests/progress, tickets/conversation, files, feedback, profile/preferences and public lead/support/feedback/preference/quote pages. Use plain language and mobile-first layouts.","Implement portal scope service, invite/recovery/session policy, object selectors that ignore client organization IDs, customer-visible status mapping, signed-link token hashes, public form abuse controls, portal file/message/upload services and maintenance-safe responses.",Use users/portal invitations/contact relationships plus source records; no duplicate portal copy. Add token hash/expiry/revocation columns and portal access audit where needed.,1) Define every portal-visible field/status. 2) implement separate URL/templates/policies. 3) derive scope from session. 4) build invite/recovery. 5) expose onboarding/tickets/files/feedback. 6) implement signed forms. 7) add rate/honeypot/timing limits. 8) test every altered ID. 9) test 360px/keyboard. 10) prove maintenance failure.,Exhaustive IDOR; stricter session timeouts; no internal notes/risk/queue metadata; signed tokens purpose-bound/expiring/revocable; CSRF; upload limits; neutral errors; no public directory/API.,"Portal/public p95 ≤2.5s mixed load, target ≤1.8s typical; ≤20 queries; payloads bounded; abuse controls preserve worker slots; no external scripts/CDN.","Cross-organization IDs for every resource/action, direct file path, token tamper/replay/cross-purpose, CSRF, session expiry, upload abuse, rate-limit accessibility, internal metadata leakage, maintenance.","A portal user can complete core onboarding/support/feedback flows on mobile, but cannot infer or access another organization or internal artifact through URL, search, count, file or response metadata.",Portal/public frontend/backend/API; visibility mapping register; IDOR suite; signed-link service; portal UAT-11 evidence.
S33,Phase 6 — Reporting and data operations,"Build reconciled dashboards, saved views and controlled exports","Make management information actionable, permission-safe and reproducible rather than a separate source of truth.","Dashboard totals are dangerous when definitions, permissions or drilldowns do not reconcile.",All source domains stable; S09 authorization; S18 saved work patterns.,"Build role dashboards and report pages for sales, onboarding, support, feedback, success, automation, data quality and health; metric definition drawer, saved views, drilldowns and export status/download.","Implement metric definitions/versioning, incremental aggregates, permission-aware selectors, saved allowlisted filter definitions, drilldown contracts, asynchronous exports, step-up/approval and CSV formula neutralization.","Create metric_definitions/aggregates, saved_views and export_jobs; index metric/version/period/scope and job owner/state/expiry.",1) Approve formulas/time basis. 2) create definitions. 3) build incremental aggregate jobs. 4) reconcile to source events. 5) implement authorized drilldown. 6) implement saved views. 7) create export snapshot/job. 8) generate safe file privately. 9) expire/audit. 10) add scheduled minimal digests.,Counts filtered before aggregation/disclosure; tiny anonymous cohorts suppressed; no raw SQL; export fields/rows reauthorized at execution; CSV injection neutralized; sensitive details stay behind login.,Report first page p95 ≤2s; standard ≤24 queries; exports return 202 ≤1.2s and run bounded; aggregates incremental; artifact expires ≤7 days.,"Metric formula/timezone/currency versions, aggregate-vs-drilldown, cross-role count leakage, stale permissions before export, formula injection, expiry/download, large job cancel/restart, scheduled digest reauth.","Every displayed number links to the exact authorized record set and named definition/version; exports cannot include unauthorized rows/fields and never block HTTP; dashboards highlight action, not vanity totals.",Reporting frontend/backend/API; KPI definitions; aggregate jobs; saved views; export pipeline; reconciliation/security tests; UAT-14.
S34,Phase 6 — Reporting and data operations,"Build imports, retention, archives, privacy cases and legal holds",Move legacy/ongoing data safely and control growth under the database/inode limits.,"Shared hosting has hard capacity ceilings; unsafe imports can message customers or duplicate identities, and retention/purge can destroy evidence.",S17 identity quality; S33 exports; S10 audit; approved retention/legal policy.,Build import wizard/batch progress/mapping/preview/duplicates/errors/reconciliation/release/rollback; retention policy/run/preview; archive inventory/retrieval; privacy case and legal-hold screens.,"Implement format detection, saved allowlisted mappings, row source keys, chunk commit/checkpoint, quarantine and release, rollback preview; policy-driven dry-run/archive/purge, hold projection, archive package/manifest/checksum/retrieval and privacy case workflow.","Create import_mappings/batches/rows, retention_policies/runs, archive_manifests/items, privacy_cases and legal_holds with source/state/time/hold indexes.",1) Stage source. 2) confirm encoding/delimiter/header. 3) map/validate. 4) preview candidates/errors. 5) commit bounded chunks with automation held. 6) reconcile. 7) release tasks only. 8) dry-run retention. 9) archive/verify before delete. 10) purge with signed destruction report/hold skips.,No arbitrary script/formula; imports cannot trigger outbound mail before release; export/import files private; purge requires authority/step-up; legal hold always wins; production data prohibited in staging without approved anonymization.,HTTP upload/submit bounded; commit/archive/purge are jobs; chunk ≤safe measured rows/time; DB warning 250MB/high 300MB/critical 340MB/block 360–375MB; archive single-record retrieval <60s.,"Encoding/malformed/oversize, idempotent re-import, interrupted chunk, duplicate resolution, rollback after human edit, no automation in quarantine, hold skip, archive corruption, purge dependency, privacy deadlines.",Migration/import counts and samples reconcile; no imported record contacts a customer unexpectedly; archives verify before source detail deletion; held records never purge; capacity trend stays safely below block.,Import/retention/archive/privacy frontend/backend/API; migration mappings; archive format; capacity thresholds; UAT-10 and governance evidence.
S35,Phase 7 — Decision intelligence,"Build local explainable AI, feedback, evaluation and governance",Add bounded intelligence that improves prioritization/classification while core operation remains independent.,Small datasets and shared hosting make opaque or autonomous AI unsafe; rules-first observation and measurable outcomes are required.,Stable source events/outcomes; S31 health; S30 text feedback; S24 inbound email; approved model cards.,"Build recommendation list/detail/explanation/feedback, model registry/card/version/evaluation, training runs and drift dashboards. Show output, confidence/abstention, reasons, missing data, evidence, version, expiry, actions and non-automatic boundary.","Implement feature registry/time-safe extractor, rule engine, weighted scores, pure-Python multinomial Naive Bayes where justified, immutable predictions/reasons, staff feedback, verified outcomes, checkpointed training, chronological evaluation, artifact checksum, promotion/demotion/tier and drift incident.","Create model_cards, feature_definitions, model_versions, predictions/reasons, recommendation_feedback, outcome_labels, training_runs and monitoring metrics; index entity/use-case/time/version/review/outcome.",1) Register use case/harms. 2) approve features/time semantics. 3) implement rules baseline. 4) record observation predictions. 5) collect staff feedback/outcomes. 6) reach data threshold. 7) train bounded candidate. 8) evaluate chronological holdout/baseline/severe misses. 9) four-eyes promote to recommendation. 10) monitor/demote.,No external data/model call; no protected/unneeded features; no high-impact model-only action; no free-form generated message; no auto-promotion; artifacts fail closed on checksum mismatch; AI disable leaves core usable.,Interactive inference target <300ms and bounded memory; batch scoring/training checkpointed and yields; web pages ≤1.6s; default sample gate ≥200 eligible and ≥30/class; routing gates as approved.,"Point-in-time leakage, missing values, abstention boundary, explanation completeness, model disabled fallback, artifact tamper, severe miss, class imbalance, chronological metrics, promotion authorization, drift demotion.",100% of surfaced predictions have version/confidence/reasons/feedback; insufficient data stays rules/observation; disabling AI does not block CRM; candidates never promote automatically or perform prohibited actions.,Intelligence frontend/backend/API; feature/model registries; rule/classifier artifacts; evaluation reports; governance/incident runbook; UAT-13.
S36,Phase 8 — Production hardening,"Build monitoring, capacity controls and incident operations","Detect stale jobs, mailbox failures, capacity pressure, security/data/model incidents and guide recovery from inside cPanel.","No external monitoring is permitted; green must be based on recent evidence, not merely absence of errors.",All commands/modules emit metrics; S03 health; S26 command runs.,"Complete privileged health, capacity, commands, incidents and support-bundle screens with trend, threshold, owner, evidence and degradation state.","Implement metric collection, freshness classification, threshold-to-incident, capacity projection, degradation order/feature disable, incident lifecycle/timeline, sanitized support bundle and internal management/security notifications.","Finalize system_metrics, system_incidents/events and command_runs; indexes by metric/time, incident state/severity/owner.",1) Define health contracts/thresholds. 2) collect each Cron heartbeat. 3) measure queue/mail/DB/files/inodes/errors/backups/release. 4) classify stale/degraded/unavailable. 5) create/dedupe incidents. 6) apply degradation order. 7) provide repair links. 8) build support bundle. 9) run tabletop scenarios.,Detailed diagnostics privileged/redacted; no secrets/full content in support bundle; incident access restricted; feature degradation never bypasses security/consent or silently drops service work.,Health page p95 ≤1.2s and ≤15 queries from recent metrics; synthetic critical incident visible within one monitoring interval; metric retention bounded.,"Stale heartbeat, mailbox outage, dead-letter surge, database threshold, inode warning, duplicate-send suspicion, compromised account, model incident, missing backup, support bundle redaction.","Operations can identify what is unhealthy, since when, impact, owner and next action without shell access. Nonessential jobs stop before hard limits while core records/service communication remain prioritized.",Operations dashboards/API; metric collectors; incident engine/runbooks; capacity/degradation controls; support bundle; exercises.
S37,Phase 8 — Production hardening,Build verified backups and timed restore drills,Create recoverable backup sets and prove restoration rather than assuming files exist.,"A backup that cannot be read, matched to code/config or restored is not a backup. Same-provider limitations must be explicit.",S34 archive/manifest; S42 release manifest scaffold; actual cPanel backup capabilities.,"Build backup inventory, compatibility/verification detail, restore drill creation/progress/result and recovery checklist. Do not expose artifacts directly to unprivileged users.","Implement selected logical DB export method, config/private-file/model/template/workflow/release manifests, checksums, free-space guard, verified retention, restore orchestration/checklist and reconciliation of counts/checksums/invariants/permissions.",Create backup_records and restore_drills; link release/config/schema/key versions and artifact manifests.,1) Select/test provider and application methods. 2) create bounded backup. 3) checksum/read contents. 4) record compatible inventory. 5) retain 7 daily/4 weekly/6 monthly where capacity permits. 6) never prune last verified set. 7) restore to staging/recovery. 8) intercept mail. 9) reconcile. 10) record RPO/RTO.,Artifacts restricted/checksummed; offline copy decision documented; secrets excluded or separately encrypted; keys backed up/versioned; suspected compromise rotates credentials after restore.,"RPO ≤24h, targeted 6h critical delta after resource test; RTO ≤4 business hours after host/valid backup available; backup outside peak and aborts before space exhaustion.","Zero-byte/corrupt/tampered/incompatible set, missing file/key/config, interrupted backup, retention pruning, full restore, portal isolation, outbox interception/idempotency after restore.","A selected set restores the application, customer history, files, permissions, jobs and configuration within measured target. Existence alone never shows verified status.",Backup/restore services/UI/API; Cron/runbooks; quarterly restore evidence; risk acceptance for correlated provider failure.
S38,Phase 8 — Production hardening,"Performance, capacity and soak hardening","Prove the complete system meets response, query, memory, concurrency and Cron budgets at representative volume.","Optimization by intuition misses N+1, unindexed filters, queue growth and shared-host contention.",All features integrated; representative dataset generator; Truehost-compatible staging.,"Instrument browser timings and page weight; simplify layouts/payloads, paginate, defer secondary fragments and ensure mobile performance. Do not add a heavy SPA/cache as a shortcut.","Add endpoint timers/query counts, EXPLAIN review, selector projections, indexes, aggregate refresh, bounded jobs, connection management and resource guards. Optimize only measured hot paths.","Load representative volumes from PRD, update statistics, verify table/index size and query plans. Add only justified composite indexes and archive old detail if needed.",1) Generate capacity data. 2) define mixed staff/portal/Cron workload. 3) baseline. 4) find slow/query-heavy endpoints. 5) fix N+1/select columns/indexes. 6) test 15 sessions. 7) stress 20. 8) run repeated Cron/mail/job soak. 9) measure memory/DB/inodes. 10) record safe failure/degradation.,"Performance changes cannot weaken authorization, CSRF, validation or audit. Test data synthetic; no production customer mail; rate limits remain enabled.","Routine list/detail p95 ≤2s/p99 ≤4s; mutation p95 ≤2.5s; portal/public p95 ≤2.5s; search ≤2s; 15 sessions <1% errors; memory ≤512MB; standard detail ≤25 queries, Customer 360 ≤35.",Endpoint percentiles/query count/page weight; mixed load with Cron; DB locks/slow queries; memory; 24h-equivalent soak; queue age; archive retrieval; safe 503/429/degradation.,"All budgets pass on production-equivalent engine/config; no unbounded trend, N+1 or resource-limit response at target; stress failure is controlled and recoverable.",Performance report by endpoint; query/index evidence; capacity projection; soak results; approved exceptions and regression tests.
S39,Phase 8 — Production hardening,Security hardening and independent verification,Verify the complete attack surface against the threat model and OWASP ASVS Level 2 baseline.,Security cannot be inferred from framework choice or test coverage; authenticated and portal logic require adversarial review.,Complete integrated application; threat model updated; test staging.,"Review every public/staff/portal state, error, link, upload, download, export and administrative action for information leakage and safe recovery.","Harden HTTPS/host/cookies/CSRF/CSP/HSTS, authentication, authorization, token, upload, email, serialization, dependency, logging, encryption, audit, automation configuration and incident controls. Remove debug/test endpoints.","Review database privileges, sensitive field encryption where preflight supports, backup access and retention. Verify no secret/PII in logs or test data.",1) Update threat model. 2) map ASVS applicability. 3) run SAST/dependency/secret scans. 4) execute auth/session/IDOR/mass assignment/injection/XSS/CSRF/upload/export tests. 5) review automation/AI abuse. 6) independent authenticated penetration review. 7) remediate. 8) retest. 9) sign residual risk.,No unresolved critical/high; medium requires owner/compensating control; break-glass and incident runbooks exercised; keys/secrets rotation documented.,Security controls remain enabled during load; rate-limit DB queries bounded; encryption/hash settings benchmarked to avoid self-DoS.,OWASP ASVS mapping; API Top 10 object/property/function/resource tests; CSP; token/redirect/SSRF absence; MIME; mail header; workflow code injection; model artifact; backup confidentiality.,"Independent reviewer cannot access another scope, execute injected content, bypass policy or extract secrets. Every finding has evidence and no critical/high remains.",Security verification report; ASVS matrix; penetration results/retest; threat model vFinal; incident exercises; go-live security sign-off.
S40,Phase 8 — Production hardening,"Accessibility, responsive and cross-browser acceptance","Prove complete staff, portal and signed journeys meet WCAG 2.2 AA and supported browser behavior.","Daily operational software fails when keyboard, zoom, mobile, errors or authentication exclude users.",Complete frontend; production-like configuration/data.,"Audit all critical journeys for semantics, landmarks, headings, labels, instructions, error summary, focus order/visibility/not-obscured, status messages, target size, no-color-only meaning, reflow and accessible authentication.","Ensure backend preserves user input, returns field and summary errors, provides stable focus targets and works without JavaScript for core operations. HTMX responses announce important updates appropriately.",No schema changes except accessibility preferences if approved.,1) Define journey matrix. 2) run automated scan. 3) keyboard-only. 4) 200% zoom/360px. 5) screen-reader spot checks. 6) Chrome/Edge/Firefox/Safari current/previous. 7) JS-off fallback. 8) fix. 9) repeat full processes. 10) document minor approved variances.,Accessible authentication must not weaken MFA/security; error messages non-disclosing; timeouts warn/allow extension where safe.,Critical pages remain within page-weight/latency target at 360px and zoom; no performance-heavy accessibility overlay.,"Login/MFA/reset, lead, Customer 360, task, quote approval, ticket, survey, portal upload, automation simulation, export, errors/conflicts.",No unresolved critical/serious barrier; all critical tasks keyboard-operable; no lost function at 360px/200% zoom; supported browsers pass core journeys.,Accessibility report; browser/responsive matrix; component fixes; role guides; WCAG evidence for production acceptance.
S41,Phase 8 — Production hardening,"Execute data migration dry runs, reconciliation and cutover readiness","Move all authoritative legacy data into canonical structures without guessing, duplication or unintended automation.",The best code fails if spreadsheets/mail/files are incompletely or incorrectly migrated.,S34 import tools; source inventory/mappings; full configuration; business owners.,Use import/reconciliation UI and customer/duplicate review. Add no one-off browser-only migration behavior.,"Create versioned migration scripts/adapters using the same domain services or explicit migration services, with source keys, checkpoints, rejects, repair and rollback reports. Import mail/file evidence within storage policy.","Load copy-sized staging, preserve provenance and old IDs, resolve duplicates and map statuses/reasons/owners. Keep records quarantined and automation disabled until signed release.",1) Inventory sources. 2) freeze data dictionary. 3) normalize/flag ambiguity. 4) dry-run identity clusters. 5) load staging. 6) reconcile counts/sums/status/owners/files/timelines. 7) repeat idempotently. 8) rehearse freeze/delta/rollback. 9) sign mappings. 10) prepare production runbook.,Synthetic/anonymized staging where possible; migration files private/short retention; no outbound customer effects; high-risk merges approved; privacy/retention applied.,Production migration fits maintenance window and DB/storage safety reserve; chunked/checkpointed; no long locks; projected final DB below critical/block threshold.,"Repeat run, interrupt/resume, duplicate source key, malformed row, missing owner, ambiguous status, files/checksums, timeline samples, no outbox/workflow, rollback repair.","Two dry runs reconcile within approved tolerance, all rejects have disposition, production duration/space is known, and business owners can sample complete customer histories.",Migration scripts/mappings; reconciliation reports; cutover timing; freeze/delta/rollback plan; data-owner sign-off.
S42,Phase 8 — Production hardening,"Deploy, migrate, cut over and activate production in controlled stages","Move the reviewed release to Truehost with verified backup, rollback and customer-effect interception.","A successful build can still fail through deployment order, incompatible migration, mail activation or resource spikes.",All acceptance evidence; restore pass; no critical/high defects; signed go-live.,"Enable maintenance/read-only states, verify local static assets, branded notices and build identifier. Use test records/mailboxes for smoke tests.","Create immutable release artifact/manifest, install locked dependencies, run deploy checks, acquire deployment lock, run migrations once, collect static, import config, restart Passenger, smoke and resume Cron/automation by priority.",Create verified predeploy backup; measure/execute migrations; load production configuration and quarantined migration; reconcile before release.,1) T-7 freeze/config/training. 2) T-1 final plan/owners. 3) backup/verify. 4) pause nonessential Cron/automation. 5) maintenance. 6) deploy artifact/hash-lock. 7) checks/migrations/static/config. 8) restart/build verify. 9) smoke with intercepted effects. 10) read-only review. 11) enable writes/IMAP/service mail. 12) activate approved workflows in small batches. 13) monitor/hypercare.,Exact hosts/HTTPS; staging mail interception; no production smoke customer effect; secret/config separation; rollback on authorization/data/duplicate-send/resource/mail defects.,"Observe web percentiles, 500/503/508, process/entry/memory, DB growth, queue/mail age and error rate. No activation batch exceeds mail/job capacity.",Exact deployment and rollback rehearsal; migration/invariant; login/MFA; customer/search; portal isolation; file; task/job lease; intercepted mail; health/build; rollback triggers.,Production shows expected build/config/schema; records reconcile; smoke passes; queues/mail/resource remain healthy; no real customer effect occurs until explicitly approved activation.,Release package/manifest; deployment log; smoke/reconciliation; go/no-go; rollback package; cutover communications; hypercare ownership.
S43,Phase 9 — Production operations,"Operate, patch, improve and prove reliability continuously","Keep production secure, within capacity and aligned with company processes after launch.","Production quality decays without ownership, drills, patching, metric review, feedback and controlled changes.",Successful S42 cutover; trained administrators/process owners.,"Maintain role-specific guides, contextual help, release notes and visible system health. UX changes follow the same accessibility/performance review.","Run staggered commands, incident/backup/restore/security/model reviews, dependency patches, release/change control, housekeeping, archive, data quality and invariant repairs. Add features only through PRD/ADR/traceability.","Monitor table/index growth, retention/archives, integrity, backup inventory and model/event history. Perform controlled schema evolution.","Daily: queues/mail/dead letters/capacity/action coverage. Weekly: KPI/data quality/workflows/security/model review. Monthly: capacity/archive/permissions/patches. Quarterly: restore/break-glass/incident/access review. Each release: backup, security, migration, smoke, rollback evidence.","MFA/access review, least privilege, patch SLA, key/secret rotation, incident exercises, audit verification and no unsupported dependencies.",Track p95/p99/query/memory/page weight/queue age/mail rate/DB/inodes against thresholds; re-test after material data/hosting/runtime change.,"Production checks, incident tabletop, restore, security regression, workflow simulation, model drift, permission recertification, archived retrieval and trained-admin runbook rehearsal.",No P0 job is unacknowledged >1 business day; action coverage ≥95%; backups/restores verified; security patches timely; capacity has reserve; changes remain traceable/reversible.,Operations calendar; daily/weekly/monthly/quarterly checklists; patch/release process; incident/postmortem; KPI/model reviews; continuous acceptance register.
